CLAUSE #,P OR C,IBR,FILL-IN,$$,UCF,FP SUP,CR SUP,FP R&D,CR R&D,FP SVC,CR SVC,FP CON,CR CON,T&M LH,LMV,COM SVC,DDR,A&E,FAC,IND DEL,TRN,UTL SVC
1.13-1,C,,X,X,I,A,A,A,A,A,A,A,A,A,A,A,A,A,,A,,
1.13-2,C,,X,X,I,A,A,A,A,A,A,A,A,A,A,A,A,A,,A,,
1.13-3,,,,,,,,,,,,,,,,,,,,,,
1.13-4,,,,,,,,,,,,,,,,,,,,,,
1.13-5,C,,X,X,I,A,A,A,A,A,A,A,A,A,A,A,A,A,,A,,
1.13-6,C,,X,X,I,A,A,A,A,A,A,A,A,A,A,A,A,A,,A,,
1.13-7,C,,,X,I,A,A,A,A,A,A,A,A,A,A,A,A,A,,A,A,A
3.1-1,C,,,,I,R,R,R,R,R,R,R,R,R,R,R,R,R,R,R,R,R
3.1.7-1,C,X,,,I,A,A,A,A,A,A,A,A,A,A,A,A,A,A,A,A,A
3.1.7-2,C,X,,,I,R,R,R,R,R,R,R,R,R,R,R,R,R,R,R,,R
3.1.7-3,,,,,,,,,,,,,,,,,,,,,,
3.1.7-4,P,X,,,I,A,A,A,A,A,A,A,A,A,A,A,A,A,A,A,A,A
3.1.7-5,P,X,,,I,A,A,A,A,A,A,A,A,A,A,A,A,A,A,A,A,A
3.1.7-6,C,,X,X,I,A,A,A,A,A,A,A,A,A,A,A,A,A,A,A,A,A
3.1.8-1,C,X,,X,I,A,A,A,A,A,A,A,A,A,A,A,A,A,A,A,A,A
3.1.8-2,C,X,,X,I,A,A,A,A,A,A,A,A,A,A,A,A,A,A,A,A,A
3.1.9-1,C,,X,,H,R,R,R,R,R,R,R,R,R,R,R,R,R,R,R,R,R
3.2.1.3-1,P,,,,L,A,A,A,A,A,A,A,A,A,,A,A,A,A,A,A,
3.2.1.3-2,C,,X,,I,A,A,A,A,A,A,A,A,A,A,A,A,A,A,A,A,A
3.2.1.5-1,C,,X,,I,A,A,,,A,A,A,A,A,A,A,A,A,A,A,A,A
3.2.1.5-2,C,,X,,I,A,A,,,A,A,A,A,A,A,A,A,A,A,A,A,A
3.2.1.5-3,C,X,,,I,A,A,,,A,A,A,A,A,A,A,A,A,A,A,A,A
3.2.1.5-4,C,,X,,I,A,A,,,A,A,A,A,A,A,A,A,A,A,A,A,A
3.2.2.3-1,P,X,,,L,R,R,R,R,R,R,R,R,R,R,R,R,R,R,R,R,R
3.2.2.3-2,P,,X,,K,A,A,A,A,A,A,A,A,A,A,A,A,A,A,A,A,A
3.2.2.3-3,P,X,,,K,A,A,A,A,A,A,A,A,A,A,A,A,A,A,A,A,A
3.2.2.3-4,P,,X,,L,A,,,,A,,,,,A,,,,,A,,
3.2.2.3-5,P,,X,,L,A,,,,A,,,,,A,,,,,A,,
3.2.2.3-6,P,X,,,L,A,A,A,A,A,A,A,A,A,A,A,A,A,A,A,A,A
3.2.2.3-7,P,X,,,L,A,A,A,A,A,A,A,A,A,A,A,A,A,A,A,A,A
3.2.2.3-8,C,X,,,I,A,A,A,A,A,A,A,A,A,A,A,A,A,A,A,A,A
3.2.2.3-9,P,X,,,L,A,A,,,,,,,,,,,,,A,,
3.2.2.3-10,,,,,,,,,,,,,,,,,,,,,,
3.2.2.3-11,P,X,,,L,R,R,R,R,R,R,R,R,R,R,R,R,R,R,R,R,R
3.2.2.3-12,P,X,,,L,R,R,R,R,R,R,R,R,R,R,R,R,R,R,R,R,R
3.2.2.3-13,P,X,,,L,R,R,R,R,R,R,R,R,R,R,R,R,R,R,R,R,R
3.2.2.3-14,P,X,,,L,A,A,A,A,A,A,A,A,A,A,A,A,A,A,A,A,A
3.2.2.3-15,P,X,,,L,A,A,A,A,A,A,A,A,A,A,A,A,A,A,A,A,A
3.2.2.3-16,P,X,,,L,R,R,R,R,R,R,R,R,R,R,R,R,R,R,R,R,R
3.2.2.3-17,P,X,,,L,R,R,R,R,R,R,R,R,R,R,R,R,R,R,R,R,R
3.2.2.3-18,P,X,,,L,R,R,R,R,R,R,R,R,R,R,R,R,R,R,R,R,R
3.2.2.3-19,P,X,,,L,R,R,R,R,R,R,R,R,R,R,R,R,R,R,R,R,R
3.2.2.3-20,P,,X,,L,R,R,R,R,R,R,R,R,R,R,R,R,R,R,R,R,R
3.2.2.3-20 Alternate I,C,,,,L,,,,,,,,,,,,,,,,,
3.2.2.3-21,,,,,,,,,,,,,,,,,,,,,,
3.2.2.3-22,P,,X,,L,A,A,A,A,A,A,A,A,A,A,A,A,A,A,A,A,A
3.2.2.3-23,P,,,,K,A,A,A,A,A,A,A,A,A,A,A,A,A,A,A,A,A
3.2.2.3-24,C,X,,,I,A,A,A,A,A,A,,,A,A,A,A,A,A,A,A,A
3.2.2.3-25,C,X,,,I,A,A,A,A,A,A,A,A,A,A,A,A,A,A,A,A,A
3.2.2.3-26,C,,,,I,A,A,A,A,A,A,A,A,A,A,A,A,A,A,A,A,A
3.2.2.3-27,C,X,,,I,A,A,A,A,A,A,A,A,A,A,A,A,A,A,A,A,A
3.2.2.3-28,C,,,,I,A,A,A,A,A,A,A,A,A,A,A,A,A,A,A,A,A
3.2.2.3-29,C,X,,,I,A,A,A,A,A,A,A,A,A,A,A,A,A,A,A,A,A
3.2.2.3-30,C,X,,,I,A,A,A,A,A,A,A,A,A,A,A,,A,A,A,A,A
3.2.2.3-31,P,X,,,L,A,A,A,A,A,A,A,A,A,A,A,,A,A,A,A,A
3.2.2.3-32,C,X,,,I,A,A,A,A,A,A,A,A,A,A,A,,A,A,A,A,A
3.2.2.3-33,C,X,,,I,A,A,A,A,A,A,A,A,A,A,A,,A,A,A,A,A
3.2.2.3-34,P,X,,,M,A,A,A,A,A,A,A,A,A,A,A,A,A,A,A,A,A
3.2.2.3-35,,,,,,,,,,,,,,,,,,,,,,
3.2.2.3-36,C,X,,X,I,A,A,A,A,A,A,A,A,A,A,A,A,A,A,A,A,A
3.2.2.3-37,C,,,X,I,A,A,A,A,A,A,A,A,A,A,A,A,A,A,A,A,A
3.2.2.3-38,C,,,,L,A,A,A,A,A,A,A,A,A,A,A,A,A,A,A,A,A
3.2.2.3-38 Alternate I,P,,X,,L,A,A,A,A,A,A,A,A,A,A,A,A,A,A,A,A,A
3.2.2.3-38 Alternate II,P,,X,,L,A,A,A,A,A,A,A,A,A,A,A,A,A,A,A,A,A
3.2.2.3-39,C,,X,,I,A,A,A,A,A,A,A,A,A,A,A,A,A,A,A,A,A
3.2.2.3-40,P,X,,,I,A,A,A,A,A,A,A,A,A,A,A,A,A,A,A,A,A
3.2.2.3-41,C,,X,,I,,,,,,,R,,,,,,,,,,
3.2.2.3-42,C,X,,,I,,,,,,,R,,,,,R,,,,,
3.2.2.3-43,C,X,,,I,,,,,,,R,,,,,R,,,,,
3.2.2.3-43 Alternate I,C,X,,,I,,,,,,,A,,,,,A,,,,,
3.2.2.3-44,C,,X,,I,,,,,,,A,,,,,,,,,,
3.2.2.3-45,C,X,,,I,,,,,,,R,R,,,,R,,,,,
3.2.2.3-46,C,X,,,I,,,,,,,R,,,,,A,,,,,
3.2.2.3-47,C,X,,,I,,,,,,,R,R,,,,R,,,,,
3.2.2.3-48,C,X,,,I,,,,,,,A,,,,,A,,,,,
3.2.2.3-49,C,X,,,I,,,,,,,R,,,,,R,,,,,
3.2.2.3-50,C,X,,,I,,,,,,,R,,,,,A,,,,,
3.2.2.3-50 Alternate I,C,,X,,I,,,,,,,A,,,,,A,,,,,
3.2.2.3-51,C,X,,,I,,,,,,,R,,,,,R,,,,,
3.2.2.3-52,C,X,,,I,,,,,,,A,,,,,A,,,,,
3.2.2.3-53,C,X,,,I,,,,,,,R,,,,,R,,,,,
3.2.2.3-54,C,X,,,I,,,,,,,R,,,,,R,,,,,
3.2.2.3-55,C,X,,,I,,,,,,,A,,,,,A,,,,,
3.2.2.3-56,C,X,,,I,,,,,,,A,,,,,,,,,,
3.2.2.3-57,C,X,,,I,,,,,,,A,,,,,,,,,,
3.2.2.3-58,C,X,,,I,,,,,,,A,,,,,,,,,,
3.2.2.3-59,C,X,,,I,,,,,,,,R,,,,R,,,,,
3.2.2.3-60,C,X,,,I,,,,,,,R,,,,,A,,,,,
3.2.2.3-60 Alternate I,C,,X,,I,,,,,,,A,,,,,A,,,,,
3.2.2.3-60 Alternate II,C,,X,,I,,,,,,,O,,,,,O,,,,,
3.2.2.3-61,C,X,,,I,,,,,,,A,,,,,A,R,,,,
3.2.2.3-62,C,X,,,I,,,,,,,O,O,,,,O,,,,,
3.2.2.3-63,P,,X,,L,,,,,,,A,A,,,,A,,,,,
3.2.2.3-64,C,X,,,I,,,,,,,A,A,,,,A,,,,,
3.2.2.3-65,C,X,,,I,,,,,,,A,A,,,,A,,,,,
3.2.2.3-66,C,X,,,I,,,,,,,A,A,,,,A,,,,,
3.2.2.3-67,C,X,,,I,A,A,A,A,A,A,A,A,A,A,A,A,A,A,A,A,A
3.2.2.3-68,C,X,,,I,,,,,,,R,R,,,,R,,,,,
3.2.2.3-68 Alternate I,C,,X,,I,,,,,,,A,A,,,,A,,,,,
3.2.2.3-69,C,X,,,I,,,,,,,A,A,,,,A,,,,,
3.2.2.3-69 Alternate I,C,X,,,I,,,,,,,A,A,,,,A,,,,,
3.2.2.3-70,,,,,,,,,,,,,,,,,,,,,,
3.2.2.3-71,C,,X,,I,,,,,,,R,,,,,A,,,,,
3.2.2.3-71 Alternate I,C,,X,,I,,,,,,,R,,,,,A,,,,,
3.2.2.3-72,P,X,,,L,A,A,A,A,A,A,A,A,A,A,A,A,A,A,A,A,A
3.2.2.3-73,C,X,,,I,A,A,,,,,A,A,,,,A,,,A,,
3.2.2.3-74,C,X,,,I,A,A,,,,,A,A,,,,A,,,A,,
3.2.2.3-75,,,,,,,,,,,,,,,,,,,,,,
3.2.2.3-76,,,,,,,,,,,,,,,,,,,,,,
3.2.2.3-77,,,,,,,,,,,,,,,,,,,,,,
3.2.2.3-78,,,,,,,,,,,,,,,,,,,,,,
3.2.2.3-79,,,,,,,,,,,,,,,,,,,,,,
3.2.2.3-80,,,,,,,,,,,,,,,,,,,,,,
3.2.2.3-81,P,,,,K,R,R,R,R,R,R,R,R,R,R,R,R,R,R,R,R,R
3.2.2.3-82,P,X,,,K,R,R,R,R,R,R,R,R,R,R,R,R,R,R,R,R,R
3.2.2.3-83,C,X,,,I,R,R,R,R,R,R,R,R,R,R,R,R,R,R,R,R,R
3.2.2.5-1,C,,X,,I,O,O,O,O,O,O,O,O,O,O,O,O,O,O,O,O,O
3.2.2.7-1,C,,X,,I,A,A,,,A,A,,,,A,,,,,A,,
3.2.2.7-2,,,,,,,,,,,,,,,,,,,,,,
3.2.2.7-2 Alternate I,,,,,,,,,,,,,,,,,,,,,,
3.2.2.7-2 Alternate II,,,,,,,,,,,,,,,,,,,,,,
3.2.2.7-3,,,,,,,,,,,,,,,,,,,,,,
3.2.2.7-3 Alternate I,,,,,,,,,,,,,,,,,,,,,,
3.2.2.7-3 Alternate II,,,,,,,,,,,,,,,,,,,,,,
3.2.2.7-4,,,,,,,,,,,,,,,,,,,,,,
3.2.2.7-5,,,,,,,,,,,,,,,,,,,,,,
3.2.2.7-6,C,X,,,I,R,R,R,R,R,R,R,R,R,R,R,R,R,R,R,R,R
3.2.2.7-7,P,,,,K,R,R,R,R,R,R,R,R,R,R,R,R,R,R,R,R,R
3.2.2.7-8,C,X,,,I,R,R,R,R,R,R,R,R,R,R,R,R,R,R,R,R,R
3.2.2.7-9,P,,X,X,K,A,A,A,A,A,A,A,A,A,A,A,A,A,A,A,A,A
3.2.2.8-1,C,X,,,I,R,R,,,,,,,,,,,,,,,
3.2.2.8-2,C,,X,,F,A,,,,A,,,,,A,,,,,A,,
3.2.2.8-3,C,X,,,F,O,,,,,,,,,O,,,,,O,,
3.2.2.8-4,C,,X,,F,,,,,,,O,,,,,,,,,,
3.2.2.8-5,C,,X,,F,,,,,,,O,O,,,,O,,,,,
3.2.2.8-6,C,,X,,F,O,O,O,O,O,O,,,O,O,O,,,O,O,O,O
3.2.2.8-6 Alternate I,C,,X,,F,O,O,O,O,O,O,,,O,O,O,,,O,O,O,O
3.2.2.8-6 Alternate II,C,,X,,F,O,O,O,O,O,O,,,O,O,O,,,O,O,O,O
3.2.2.8-6 Alternate III,C,,X,,F,O,O,O,O,O,O,,,O,O,O,,,O,O,O,O
3.2.2.8-7,C,,,,F,O,O,O,O,O,O,,,O,O,O,,,O,O,O,O
3.2.2.8-7 Alternate I,C,,,,F,O,O,O,O,O,O,,,O,O,O,,,O,O,O,O
3.2.2.8-7 Alternate II,C,,X,,F,O,O,O,O,O,O,,,O,O,O,,,O,O,O,O
3.2.2.8-7 Alternate III,C,,X,,F,O,O,O,O,O,O,,,O,O,O,,,O,O,O,O
3.2.2.8-8,C,,X,,I,O,O,O,O,O,O,O,O,O,O,O,O,O,O,O,O,O
3.2.3-1,C,,,,K,,A,,A,,A,,A,,,A,A,A,A,A,A,A
3.2.3-2,C,X,,,I,,A,,A,,A,,A,,,A,A,A,A,A,A,A
3.2.3-3,C,X,,,I,,A,,A,,A,,A,,,A,A,A,A,A,A,A
3.2.3-4,C,X,,,I,,A,,A,,A,,A,,,A,A,A,A,A,A,A
3.2.3-5,C,X,,,I,,A,,A,,A,,A,,,A,A,A,A,A,A,A
3.2.4-1,P,,X,,L,A,A,A,A,A,A,A,A,A,A,A,A,A,A,A,A,A
3.2.4-2,C,,,,I,A,,,,,,,,,A,,,,,A,,
3.2.4-3,C,,,,I,O,,,,,,,,,O,,,,,O,,
3.2.4-4,C,X,,,I,A,,,,A,,A,,A,A,A,A,A,A,A,A,
3.2.4-5 Alternate I,,,,,,,,,,,,,,,,,,,,,,
3.2.4-5,C,,,,I,,R,,R,,R,,R,A,A,A,A,A,,A,A,
3.2.4-6,C,X,,,I,,R,,R,,R,,R,,,,,,,A,,
3.2.4-7,C,X,,,I,,,,,,,,A,,,,,,,,,
3.2.4-8,C,,X,,I,,A,,A,,A,,,,,A,A,,,A,A,
3.2.4-9,C,X,,,I,,A,,A,,A,,A,,,A,,,,A,A,
3.2.4-10,C,X,,,I,,A,,A,,A,,A,,,A,A,A,,A,A,
3.2.4-11,C,X,,,I,,,,,,,,,,,,,,A,,,
3.2.4-11 Alternate I,C,X,,,I,,,,,,,,,,,,,,A,,,
3.2.4-12,C,X,,,I,,,,,,,,,,,,,,A,,,
3.2.4-13,C,X,,,I,,,,A,,,,,,,,,,,,,
3.2.4-14,C,,X,,I,A,,A,,A,,A,,,A,A,A,A,,A,,
3.2.4-14 Alternate I,C,X,,,I,A,,,,A,,,,,A,A,,,,A,,
3.2.4-15,C,X,X,,I,A,,A,,A,,A,,,A,A,A,A,,A,,
3.2.4-15 Alternate I,C,X,,,I,A,,A,,A,,,,,A,A,,,,A,,
3.2.4-16,C,,X,,I,,,,,,,,,,,,,,,A,,
3.2.4-16 Alternate I,C,X,,,I,,,,,,,,,,,,,,,A,,
3.2.4-17,C,,X,,I,,,,,,,,,,,,,,,A,,
3.2.4-18,C,,X,,I,,,,,,,,,,,,,,,A,,
3.2.4-19 Alternate I,C,X,,,I,,,,,,,,,,,,,,,A,,
3.2.4-19,C,,X,,I,,,,,,,,,,,,,,,A,,
3.2.4-19 Alternate II,C,X,,,I,,,,,,,,,,,,,,,A,,
3.2.4-19 Alternate III,C,X,,,I,,,,,,,,,,,,,,,A,,
3.2.4-19 Alternate IV,C,X,,,I,,,,,,,,,,,,,,,A,,
3.2.4-20,C,,X,,I,,,,,,,,,,,,,,,A,,
3.2.4-21,C,,X,,I,A,A,A,A,A,A,A,A,A,A,A,A,A,A,A,A,A
3.2.4-22,C,,X,,I,A,A,A,A,A,A,A,A,A,A,A,A,A,A,A,A,A
3.2.4-23,C,,X,,I,A,A,A,A,A,A,A,A,A,A,A,A,A,A,A,A,A
3.2.4-24,C,X,,,I,,O,,O,,O,,O,,,O,O,O,O,O,,
3.2.4-25,P,X,,X,L,,,,,,,,,,,,,,,A,,
3.2.4-26,P,X,,X,L,,,,,,,,,,,,,,,A,,
3.2.4-27,C,X,,,I,A,A,A,A,A,A,A,A,A,A,A,A,A,A,A,A,A
3.2.4-28,C,X,,,I,A,A,A,A,A,A,A,A,A,A,A,A,A,A,A,A,A
3.2.4-28 Alternate I,C,X,,,I,,,,,,,,,,,,,,,A,,
3.2.4-29,P,X,,,M,A,A,,,A,A,,,A,A,,,,,A,A,
3.2.4-30,P,X,,,M,A,A,,,A,A,,,A,A,,,,,A,A,
3.2.4-31,P,X,,,M,A,A,,,A,A,,,A,A,,,,,A,A,
3.2.4-32,C,,X,,I,A,A,,,,,,,,A,,,,,A,,
3.2.4-33,C,,X,,I,A,A,,,,,,,,A,,,,,A,,
3.2.4-34,C,,,,I,,,,,R,R,,,R,,R,,,,A,A,
3.2.4-35,C,,X,,I,,,,,A,A,,,A,,,,,,A,A,
3.2.4-36,C,X,,,I,A,A,A,A,A,A,A,A,A,A,A,A,A,A,A,A,
3.2.5-1,C,X,,,I,R,R,R,R,R,R,R,R,R,R,R,R,R,R,R,R,R
3.2.5-2,P,X,,,K,A,,A,,A,,A,,,A,A,A,A,A,A,A,A
3.2.5-3,C,X,,,I,R,R,R,R,R,R,R,R,R,R,R,R,R,R,R,R,R
3.2.5-4,C,X,,,I,R,R,R,R,R,R,R,R,R,R,R,R,R,R,R,R,R
3.2.5-5,C,X,,,I,R,R,R,R,R,R,R,R,R,R,R,R,R,R,R,R,R
3.2.5-6,C,X,,,I,O,O,,,O,O,,,,,,,,,O,,O
3.2.5-6 Alternate I,C,X,,,I,O,,,,O,,,,,,,,,,O,,O
3.2.5-7,C,,,X,H,R,R,R,R,R,R,R,R,R,R,R,R,R,R,R,R,R
3.2.5-8,C,X,,,I,R,R,R,R,R,R,R,R,R,R,R,R,R,R,R,R,R
3.2.5-9,,,,,,,,,,,,,,,,,,,,,,
3.2.5-10,,,,,,,,,,,,,,,,,,,,,,
3.2.5-11,,,,,,,,,,,,,,,,,,,,,,
3.2.5-12,,,,,,,,,,,,,,,,,,,,,,
3.2.5-13,C,X,,X,I,A,A,A,A,A,A,A,A,A,A,A,A,A,A,A,A,A
3.2.5-14,C,X,,X,I,A,A,A,A,A,A,A,A,A,A,A,A,A,A,A,A,A
3.2.5-15,C,,,,I,,,,,A,A,,,A,,,,,,A,,
3.3.1-1,C,X,,,I,R,,,,R,,,,,,A,,,,,,A
3.3.1-2,C,X,,,I,,,,,,,R,,,,,,,,,,
3.3.1-3,C,X,,,I,,,,,,,,,,,,,A,,,,
3.3.1-4,C,X,,,I,,,,,,,,,,,A,,,,,,
3.3.1-5,C,X,,,I,,,,,,,,,R,,,,,,,,
3.3.1-5 Alternate I,C,X,,,I,,,,,,,,,A,,,,,,,,
3.3.1-5 Alternate III,,,,,,,,,,,,,,,,,,,,,,
3.3.1-5 Alternate II,C,X,,,I,,,,,,,,,A,,,,,,,,
3.3.1-6,C,X,,,I,A,,,,A,,,,A,A,,,,,,,
3.3.1-7,C,X,,,I,A,A,A,A,A,A,,,A,A,,,,,,,
3.3.1-8,C,X,,,I,A,,,,A,,,,,A,,,,,,A,A
3.3.1-9,C,X,,X,I,A,,A,,,,A,,,A,,A,A,A,A,A,A
3.3.1-10,C,X,,,I,A,A,A,A,A,A,A,A,A,A,A,A,A,A,A,A,A
3.3.1-11,C,,X,,I,,,,,R,R,,,,,,,,,R,,R
3.3.1-12,C,X,,,I,,A,,A,,A,,,,A,A,A,,A,A,A,A
3.3.1-13,C,X,,,I,,,,,,,,,,,,,,R,,,
3.3.1-14,C,X,,,I,,A,,A,,A,,,,A,A,A,,A,A,A,
3.3.1-15,C,X,,,I,A,A,A,A,A,A,A,A,A,A,A,A,A,A,A,A,A
3.3.1-15 Alternate I,C,X,,,I,A,A,A,A,A,A,A,A,A,A,A,A,A,A,A,A,A
3.3.1-16,C,X,,,I,A,A,A,A,A,A,A,A,A,A,A,A,A,A,A,A,A
3.3.1-17,C,X,,,I,A,A,A,A,A,A,,,A,A,A,A,A,A,A,A,A
3.3.1-18,C,X,,,I,,,,,,,,,,,,,A,,,,
3.3.1-19,C,X,,,I,,,,,,,R,,,,,,,,,,
3.3.1-20,C,X,,,I,R,R,R,R,R,R,R,R,R,R,R,R,R,R,R,R,R
3.3.1-21,C,,,,I,O,,,,O,,,,,,,,,,,,
3.3.1-22,C,,X,,I,O,,,,O,,,,,,,,,,,,
3.3.1-23,P,,,,L,O,,,,O,,,,,,,,,,,,
3.3.1-24,C,X,,,I,O,,,,,,,,,O,,,,,O,,
3.3.1-25,,,,,,,,,,,,,,,,,,,,,,
3.3.1-26,,,,,,,,,,,,,,,,,,,,,,
3.3.1-27,C,X,,,I,A,A,,,,,,,,A,,,,,A,,
3.3.1-28,P,X,,,L,A,,A,,A,,,,,A,A,,A,A,A,A,
3.3.1-29,P,X,,,L,A,,A,,A,,A,,,A,A,,,A,A,A,
3.3.1-30,P,X,,,M,A,,A,,A,,,,,A,A,,,A,A,A,
3.3.1-31,C,X,,,I,A,,A,,A,,A,,,A,A,,A,A,A,A,
3.3.1-31 Alternate I,C,X,,,I,A,,A,,A,,A,,,A,A,,A,A,A,A,
3.3.1-31 Alternate II,C,,X,,I,A,,A,,A,,A,,,A,A,,A,A,A,,
3.3.1-31 Alternate III,C,X,,,I,A,,A,,A,,A,,,A,A,,A,A,A,,
3.3.1-32,C,,,,I,A,,,,A,,,,,,,,,,,,
3.3.1-33,C,,,,I,R,R,R,R,R,R,R,R,R,R,R,R,R,R,R,R,R
3.3.1-34,C,X,,,I,R,R,R,R,R,R,R,R,R,R,R,R,R,R,R,R,R
3.3.1-35,P,,,,K,R,R,R,R,R,R,R,R,R,R,R,R,R,R,R,R,R
3.3.1-36,C,,,,I,O,,,,,,,,O,,O,,,,,O,O
3.3.1-37,C,,X,,I,A,,A,,A,,A,,,,,A,A,A,A,,
3.3.1-38,C,X,,,I,A,A,A,A,A,A,A,A,A,A,A,A,A,A,A,A,A
3.3.1-39,C,X,,,I,,,,,,,,,R,,,,,,,,
3.3.1-40,C,,,,I,A,A,A,A,A,A,A,A,A,A,A,A,A,A,A,A,
3.3.1-41,P,,,,K,A,A,A,A,A,A,A,A,A,A,A,A,A,A,A,A,
3.3.2-1,C,X,,,I,R,R,R,R,R,R,R,R,R,R,R,R,R,R,R,R,R
3.3.2-2,C,X,,,I,,A,,A,,A,,A,,,,,,,,,
3.4.1-1,C,,X,,I,O,O,O,O,O,O,O,O,O,O,O,O,O,O,O,O,O
3.4.1-2,C,,X,,I,O,O,O,O,O,O,O,O,O,O,O,O,O,O,O,O,O
3.4.1-3,,,,,,,,,,,,,,,,,,,,,,
3.4.1-4,C,,X,X,I,O,O,O,O,O,O,A,A,O,O,O,A,O,O,O,O,O
3.4.1-5,C,,X,,I,O,O,O,O,O,O,R,A,O,O,O,A,O,O,O,O,O
3.4.1-6,C,X,,,I,A,A,A,A,A,A,A,A,A,A,A,A,A,A,A,A,A
3.4.1-7,C,X,,,I,A,A,A,A,A,A,A,A,A,A,A,A,A,A,A,A,A
3.4.1-8,C,X,,,I,,A,A,,,A,A,,,,,,A,,,,
3.4.1-9,C,X,,,I,A,A,A,A,A,A,A,A,A,A,A,A,A,A,A,A,A
3.4.1-10,C,X,,,I,A,,A,,A,,A,,,A,A,A,A,,A,,
3.4.1-11,C,X,,,I,,A,,A,,A,,,,,A,,,A,A,,
3.4.1-11 Alternate I,C,X,,,I,,A,,A,,A,,,,,A,,,A,A,,
3.4.1-11 Alternate II,C,X,,,I,,A,,A,,A,,,,,A,,,A,A,,
3.4.1-12,C,X,,,I,,R,,R,,R,,R,R,R,R,R,R,R,R,A,A
3.4.1-13,C,X,,,I,,,,,O,O,,,O,,O,O,O,,,O,
3.4.1-14,C,X,,,I,,,,,,,,,,R,,,,,,,
3.4.2-1,C,X,,,I,,A,,A,,A,,A,A,A,A,A,A,A,A,A,
3.4.2-2,C,,X,,I,,A,,A,,A,,A,,A,A,A,A,A,A,A,
3.4.2-3,C,,X,,I,,A,,A,,A,,A,,A,A,A,A,A,A,A,
3.4.2-4,C,,X,,I,A,,A,,A,,A,,,A,A,A,A,A,A,A,
3.4.2-5,C,X,,,I,A,,A,,A,,A,,A,A,A,A,A,A,A,A,
3.4.2-6,C,X,,,I,A,,A,,A,,A,,A,A,A,A,A,A,A,A,
3.4.2-7,C,X,,,I,A,,A,,A,,A,,A,A,A,A,A,A,A,A,
3.4.2-8,C,X,,,I,A,,A,,A,,A,,A,A,A,A,A,A,A,A,
3.4.2-9,C,X,,,I,,,,,,,A,A,,,,,,,,,
3.4.2-10,C,X,,,I,,,,,,,,,,A,,,,,A,A,
3.5-1,C,X,,,I,A,A,A,A,A,A,A,A,A,A,A,A,A,A,A,A,A
3.5-1 Alternate I,C,X,,,I,,,A,A,,,,,,,,,,,,,
3.5-1 Alternate II,C,X,,,I,,,,,,,,,,,A,,,,,,
3.5-2,C,X,,,I,A,A,A,A,A,A,A,A,A,A,A,A,A,A,A,A,A
3.5-3,C,X,,,I,A,,,,A,,,,A,,A,,,,A,,
3.5-3 Alternate I,C,,X,,I,A,A,,,A,A,,,,,,,,,A,,
3.5-3 Alternate II,C,,X,,I,A,A,,,A,A,,,,,A,,,,A,,
3.5-3 Alternate III,C,X,,,I,,,,,,,,,,,A,,,,,,
3.5-4,C,X,,,I,,,,,,,A,A,,,,A,,,,,
3.5-4 Alternate I,C,,X,,I,,,,,,,O,O,,,,O,,,,,
3.5-5,C,,X,,I,A,A,A,A,A,A,A,A,,,,A,,A,A,,
3.5-6,P,,,,K,A,A,A,A,A,A,A,A,,,A,A,,A,A,,
3.5-6 Alternate I,P,,,,K,,,,,,,,,,,A,,,A,,,
3.5-7,C,,X,,K,A,A,A,A,A,A,A,A,,,A,A,,A,A,,
3.5-8,C,,,,K,A,,A,,A,,A,,,,A,A,,A,A,,
3.5-9,C,,,,I,A,A,A,A,A,A,A,A,,,A,A,,A,A,,
3.5-10,C,X,,,I,,,A,A,,,A,A,,,,,A,,,,
3.5-10 Alternate I,C,,X,,I,,,A,A,,,A,A,,,,,A,,,,
3.5-10 Alternate II,C,,,,I,,,A,A,,,A,A,,,,,A,,,,
3.5-10 Alternate III,C,X,,,I,,,A,A,,,A,A,,,,,A,,,,
3.5-10 Alternate IV,C,X,,,I,,,A,A,,,A,A,,,,,A,,,,
3.5-10 Alternate V,C,X,,,I,,,A,A,,,A,A,,,,,A,,,,
3.5-11,,,,,,,,,,,,,,,,,,,,,,
3.5-11 Alternate I,,,,,,,,,,,,,,,,,,,,,,
3.5-11 Alternate II,,,,,,,,,,,,,,,,,,,,,,
3.5-12,C,X,,,I,,,A,A,,,A,A,,,,,A,,,,
3.5-12 Alternate I,C,,X,,I,,,A,A,,,A,A,,,,,A,,,,
3.5-12 Alternate II,C,X,,,I,,,A,A,,,A,A,,,,,A,,,,
3.5-13,C,X,,,I,A,A,A,A,A,A,,,A,A,A,A,,A,A,A,
3.5-13 Alternate I,C,X,,,I,A,A,A,A,A,A,,,A,A,A,A,,A,A,A,
3.5-13 Alternate II,C,X,,,I,A,A,A,A,A,A,,,A,A,A,A,,A,A,A,
3.5-13 Alternate III,C,X,,,I,A,A,A,A,A,A,,,A,A,A,A,,A,A,A,
3.5-13 Alternate IV,C,X,,,I,O,O,A,A,O,O,,,O,O,O,O,,O,O,O,
3.5-13 Alternate V,C,X,,,I,A,A,A,A,A,A,,,A,A,A,A,,A,A,A,
3.5-14,P,,,,K,A,A,A,A,A,A,,,A,A,A,A,,A,A,A,
3.5-15,C,X,,,I,,,A,A,,,,,,,,,,,,,
3.5-16,C,X,,,I,A,A,A,A,A,A,O,O,A,,A,,O,,,,
3.5-17,C,X,,,I,A,A,A,A,A,A,,,A,,A,,A,,A,,
3.5-18,C,X,,,I,A,,,,A,,,,,,A,,,,,,
3.5-19,,,,,,,,,,,,,,,,,,,,,,
3.5-20,C,X,,,I,A,A,A,A,A,A,A,A,A,A,A,A,A,A,A,A,
3.5-21,C,X,,,I,A,A,A,A,A,A,A,A,A,A,A,A,A,A,A,A,
3.5-22,C,X,,,I,A,A,A,A,A,A,A,A,A,A,A,A,A,A,A,A,
3.5-23,C,X,,,I,A,A,A,A,A,A,A,A,A,A,A,A,A,A,A,A,
3.5-24,C,X,,,I,,,,,,,A,A,,,,A,R,,,,
3.6.1-1,C,X,,,I,A,A,A,A,A,A,A,A,A,A,A,A,A,A,A,A,A
3.6.1-2,,,,,,,,,,,,,,,,,,,,,,
3.6.1-3,C,X,,,I,A,A,A,A,A,A,A,A,A,A,A,A,A,A,A,A,A
3.6.1-4,C,X,,,I,A,A,A,A,A,A,A,A,A,A,A,A,A,A,A,A,A
3.6.1-4 Alternate I,C,X,,,I,A,A,A,A,A,A,A,A,A,A,A,A,A,A,A,A,A
3.6.1-5,,,,,,,,,,,,,,,,,,,,,,
3.6.1-6,C,X,,,I,O,O,O,O,O,O,O,O,O,O,O,O,O,O,O,O,O
3.6.1-7,C,X,,,I,A,A,A,A,A,A,A,A,A,A,A,A,A,A,A,A,A
3.6.1-8,C,,X,,I,A,A,A,A,A,A,A,A,A,A,A,A,A,A,A,A,A
3.6.1-9,C,X,,,I,A,A,A,A,A,A,A,A,A,A,A,A,A,A,A,A,A
3.6.1-10,P,X,,X,M,A,A,A,A,A,A,A,A,A,A,A,A,A,A,A,A,A
3.6.1-11,C,X,,,I,A,A,A,A,A,A,A,A,A,A,A,A,A,A,A,A,A
3.6.1-12,C,X,,,I,A,A,A,A,A,A,A,A,A,A,A,A,A,A,A,A,A
3.6.1-13,C,,X,,I,O,O,O,O,O,O,O,O,O,O,O,O,O,O,O,O,O
3.6.1-14,C,,X,,I,A,A,A,A,A,A,A,A,A,A,A,A,A,A,A,A,A
3.6.1-15,C,X,,X,I,A,A,A,A,A,A,A,A,A,A,A,A,A,A,A,A,A
3.6.1-16,C,,X,,I,A,A,A,A,A,A,A,A,A,A,A,A,A,A,A,A,A
3.6.1-17,P,,X,,L,R,R,R,R,R,R,R,R,R,R,R,R,R,R,R,R,R
3.6.1-18,C,X,,,I,A,A,A,A,A,A,A,A,A,A,A,A,A,A,A,A,A
3.6.1-19,C,X,,,I,A,A,A,A,A,A,A,A,A,A,A,A,A,A,A,A,A
3.6.1-20,C,X,,,I,A,A,A,A,A,A,A,A,A,A,A,A,A,A,A,A,A
3.6.1-21,C,X,,,I,A,A,A,A,A,A,A,A,A,A,A,A,A,A,A,A,A
3.6.2-1,C,X,,X,I,A,A,A,A,A,A,A,A,A,A,A,A,,A,A,A,A
3.6.2-2,C,X,,,I,A,A,A,A,A,A,A,A,A,A,A,A,A,A,A,A,A
3.6.2-3,,,,,,,,,,,,,,,,,,,,,,
3.6.2-4,C,X,,X,I,A,A,A,A,,,,,,,,,,,A,,
3.6.2-5,P,,,X,K,A,A,A,A,A,A,A,A,A,A,A,A,A,A,A,A,A
3.6.2-6,P,,,X,K,A,A,A,A,A,A,A,A,A,A,A,A,A,A,A,A,A
3.6.2-7,P,X,,X,L,A,A,A,A,A,A,,,A,A,A,A,A,A,A,A,A
3.6.2-8,P,,,X,K,A,A,A,A,A,A,,,A,A,A,A,A,A,A,A,A
3.6.2-9,C,X,,X,I,A,A,A,A,A,A,A,A,A,A,A,A,A,A,A,A,A
3.6.2-9 Alternate I,C,,X,X,I,A,A,A,A,A,A,A,A,A,A,A,A,A,A,A,A,A
3.6.2-10,C,X,,X,I,A,A,A,A,A,A,A,A,A,A,A,A,A,A,A,A,A
3.6.2-11,C,X,,,I,O,O,O,O,O,O,O,O,O,O,O,O,O,O,O,O,O
3.6.2-12,C,X,,,I,A,A,A,A,A,A,A,A,A,A,A,A,A,A,A,A,A
3.6.2-12 Alternate I,C,X,X,X,I,A,A,A,A,A,A,A,A,A,A,A,A,A,A,A,A,A
3.6.2-13,C,X,,X,I,A,A,A,A,A,A,A,A,A,A,A,A,A,A,A,A,A
3.6.2-13 Alternate I,C,,X,X,I,A,A,A,A,A,A,A,A,A,A,A,A,A,A,A,A,A
3.6.2-14,C,,,,I,A,A,A,A,A,A,A,A,A,A,A,A,A,A,A,A,A
3.6.2-15,P,X,,,L,,,,,A,A,,,,,,,,,,,
3.6.2-16,C,X,,,I,A,A,A,A,A,A,A,A,A,A,A,A,A,A,A,A,A
3.6.2-17,C,,X,,I,,A,,A,,A,,A,,,A,A,A,,A,A,
3.6.2-18,C,X,,X,I,,,,,,,A,A,,,,,,,,,
3.6.2-19,C,X,,,I,,,,,,,A,A,,,,,,,,,
3.6.2-20,C,X,,X,I,,,,,,,A,A,,,,,,,,,
3.6.2-21,C,X,,X,I,,,,,,,A,A,,,,,,,,,
3.6.2-22,C,X,,X,I,,,,,,,A,A,,,,,,,,,
3.6.2-23,C,X,,X,I,,,,,,,A,A,,,,,,,,,
3.6.2-24,C,,X,X,I,,,,,,,A,A,,,,,,,,,
3.6.2-25,,,,,,,,,,,,,,,,,,,,,,
3.6.2-26,,,,,,,,,,,,,,,,,,,,,,
3.6.2-27,,,,,,,,,,,,,,,,,,,,,,
3.6.2-28,C,X,,X,I,,,,,A,A,,,A,,A,A,A,,,A,
3.6.2-29,C,,X,X,I,,,,,A,A,,,A,,A,A,A,,,A,
3.6.2-30,C,X,,,I,,,,,A,,,,A,,A,A,A,,,A,
3.6.2-31,C,X,,,I,,,,,A,,,,A,,A,A,A,,,A,
3.6.2-32,C,,X,,I,,,,,A,A,,,A,,A,A,A,,,A,
3.6.2-33,P,,X,,I,,,,,A,A,,,A,,,,,,,,
3.6.2-34,C,,X,,I,,,,,A,A,,,A,,A,A,,,,A,
3.6.2-35,C,X,,,I,A,A,A,A,A,A,A,A,A,A,A,A,A,A,A,A,A
3.6.2-36,,,,,,,,,,,,,,,,,,,,,,
3.6.2-37,,,,,,,,,,,,,,,,,,,,,,
3.6.2-38,C,,X,X,K,A,A,,,,,,,,,,,,,A,,
3.6.2-39,C,X,,,I,R,R,R,R,R,R,R,R,R,R,R,R,R,R,R,R,R
3.6.2-40,,,,,,,,,,,,,,,,,,,,,,
3.6.2-41,C,,,X,I,,,A,A,A,A,A,A,A,A,A,A,A,A,A,A,A
3.6.2-42,P,X,,X,L,,,,,,,A,A,,,,,,,,,
3.6.2-42 Alternate I,P,X,,X,L,,,,,,,A,A,,,,,,,,,
3.6.2-42 Alternate II,P,X,,X,L,,,,,,,A,A,,,,,,,,,
3.6.2-43,C,X,,X,I,,,,,,,A,A,,,,,,,,,
3.6.2-43 Alternate I,C,X,,,I,,,,,,,A,A,,,,,,,,,
3.6.2-44,C,X,,X,I,A,A,A,A,A,A,A,A,A,A,A,A,A,A,A,A,A
3.6.2-45,P,X,,X,K,A,A,A,A,A,A,A,A,A,A,A,A,A,A,A,A,A
3.6.2-46,C,X,,X,I,,,,,A,A,A,A,A,,A,A,A,,,A,
3.6.2-47,C,X,,X,I,,,,,A,A,A,A,A,,A,A,A,,,A,
3.6.2-48,,,,,,,,,,,,,,,,,,,,,,
3.6.3-1,,,,,,,,,,,,,,,,,,,,,,
3.6.3-2,,,,,,,,,,,,,,,,,,,,,,
3.6.3-3,C,,X,,I,A,A,A,A,A,A,A,A,A,A,A,A,A,A,A,A,A
3.6.3-4,P,X,,,K,A,A,A,A,A,A,A,A,A,A,A,A,A,A,A,A,A
3.6.3-5,C,,X,,I,A,A,A,A,A,A,A,A,A,A,A,A,A,A,A,A,A
3.6.3-5 Alternate I,C,,X,,I,A,A,A,A,A,A,A,A,A,A,A,A,A,A,A,A,A
3.6.3-5 Alternate II,,,,,,,,,,,,,,,,,,,,,,
3.6.3-6,C,,X,,I,A,A,A,A,A,A,A,A,A,A,A,A,A,A,A,A,A
3.6.3-7,C,X,,,I,,,,,A,A,,,,,A,,,A,,,
3.6.3-8,C,X,,,I,A,A,A,A,A,A,A,A,A,A,A,A,A,A,A,A,A
3.6.3-9,C,,X,,I,A,A,A,A,A,A,A,A,A,A,A,A,A,A,A,A,A
3.6.3-10,C,X,,,I,A,A,A,A,A,A,A,A,A,A,A,A,A,A,A,A,A
3.6.3-11,,,,,,,,,,,,,,,,,,,,,,
3.6.3-12,C,,X,,I,,,,,,,R,R,,,,A,,A,,,
3.6.3-13,C,X,,,I,,,,,A,A,R,R,,,,A,,A,,,
3.6.3-14,C,X,,,I,R,R,R,R,R,R,R,R,R,R,R,R,R,R,R,R,R
3.6.3-15,,,,,,,,,,,,,,,,,,,,,,
3.6.3-16,C,X,,,I,R,R,R,R,R,R,R,R,R,R,R,R,R,R,R,R,R
3.6.3-17,C,X,,,I,A,A,A,A,A,A,A,A,A,,A,A,,A,A,A,A
3.6.3-18,P,X,,,K,A,A,A,A,A,A,A,A,A,A,A,A,A,A,A,A,A
3.6.3-19,C,X,,,I,,,,,A,A,A,A,A,,,A,,A,A,,
3.6.3-20,C,,,,I,A,A,A,A,A,A,A,A,A,A,A,A,A,A,A,A,A
3.6.3-20 Alternate I,,,,,,,,,,,,,,,,,,,,,,
3.6.3-20 Alternate II,,,,,,,,,,,,,,,,,,,,,,
3.6.3-21,C,X,,,I,A,A,A,A,A,A,A,A,A,A,A,A,A,A,A,A,A
3.6.3-22,C,,,X,I,A,A,A,A,A,A,A,A,A,,,A,,A,A,,
3.6.3-23,C,X,,,I,R,R,R,R,R,R,R,R,R,R,R,R,R,R,R,R,R
3.6.3-24,C,X,,,I,A,A,A,A,A,A,A,A,A,,,A,,A,A,,
3.6.3-25,C,X,,,I,A,A,A,A,A,A,A,A,A,A,A,A,A,A,A,A,A
3.6.3-26,C,X,,,I,A,A,A,A,A,A,A,A,A,A,A,A,A,A,A,A,A
3.6.4-1,P,X,,,L,A,A,A,A,,,,,,,,,,,A,,
3.6.4-2,C,X,,,I,A,A,A,A,A,A,,,A,A,A,,,,A,,
3.6.4-3,C,,,,I,,,,,,,A,A,,,,,,,,,
3.6.4-4,C,X,,X,I,,,,,,,A,A,,,,,,,,,
3.6.4-4 Alternate I,C,,,,,,,,,,,,,,,,,,,,,
3.6.4-5,C,X,,,I,A,A,,,,,A,A,,,,,,,A,,
3.6.4-6,C,X,,,I,A,A,A,A,A,A,A,A,A,A,A,A,A,A,A,A,A
3.6.4-7,,,,,,,,,,,,,,,,,,,,,,
3.6.4-8,C,X,,,I,A,A,A,A,A,A,A,A,A,A,A,A,A,A,A,A,A
3.6.4-9,,,,,,,,,,,,,,,,,,,,,,
3.6.4-10,C,X,,,I,R,R,R,R,R,R,R,R,R,R,R,R,R,R,R,R,R
3.6.4-11,C,X,,,I,A,A,A,A,A,A,A,A,A,A,A,A,A,A,A,A,A
3.6.4-12,,,,,,,,,,,,,,,,,,,,,,
3.6.4-13,,,,,,,,,,,,,,,,,,,,,,
3.6.4-14,C,X,,,I,,,,,,,A,A,,,,,A,,,,
3.6.4-15,P,,,,K,A,A,A,A,A,A,,,A,A,A,,,,A,,
3.6.4-16,P,,,,I,A,A,A,A,A,A,,,A,A,A,,,,A,,
3.6.4-17,P,,,,K,A,A,,,,,,,,,,,,,A,,
3.6.4-18,P,,,,K,A,A,A,A,,,A,A,A,A,A,A,A,A,A,A,A
3.6.4-19,P,,,,K,R,R,R,R,R,R,R,R,R,R,R,R,R,R,R,R,R
3.6.4-20,C,X,,,I,O,O,O,O,O,O,O,O,O,O,O,O,O,O,O,O,O
3.6.4-21,C,X,,,I,A,A,A,A,A,A,A,A,A,A,A,A,A,A,A,A,A
3.6.4-22,P,,,,K,R,R,R,R,R,R,R,R,R,R,R,R,R,R,R,R,R
3.6.4-23,C,X,,,I,R,R,R,R,R,R,R,R,R,R,R,R,R,R,R,R,R
3.6.4-24,P,,,,K,R,R,R,R,R,R,R,R,R,R,R,R,R,R,R,R,R
3.6.4-24 Alternate I,C,,,,I,A,A,A,A,A,A,A,A,A,A,A,A,A,A,A,A,A
3.6.4-25,C,,,,I,R,R,R,R,R,R,R,R,R,R,R,R,R,R,R,R,R
3.6.5-1,C,X,,,I,A,A,A,A,A,A,A,A,A,A,A,A,A,A,A,A,A
3.7-1,,,,,,,,,,,,,,,,,,,,,,
3.7-2,,,,,,,,,,,,,,,,,,,,,,
3.8.2-1,,,,,,,,,,,,,,,,,,,,,,
3.8.2-2,,,,,,,,,,,,,,,,,,,,,,
3.8.2-3,,,,,,,,,,,,,,,,,,,,,,
3.8.2-4,,,,,,,,,,,,,,,,,,,,,,
3.8.2-5,,,,,,,,,,,,,,,,,,,,,,
3.8.2-6,,,,,,,,,,,,,,,,,,,,,,
3.8.2-7,,,,,,,,,,,,,,,,,,,,,,
3.8.2-8,,,,,,,,,,,,,,,,,,,,,,
3.8.2-9,C,X,,,I,,,O,O,O,O,,,O,O,O,O,O,O,O,O,O
3.8.2-10,C,X,,,I,,,O,O,O,O,,,O,O,O,O,O,O,O,O,O
3.8.2-11,C,X,,,I,,,A,A,A,A,A,A,A,,A,A,A,A,A,A,A
3.8.2-12 Alternate I,C,,,,G,,,,,,,,,,,,O,,,,,
3.8.2-12,C,,X,,G,,,,,,,,,,,,O,,,,,
3.8.2-13,C,,X,,G,,,,,,,,,,,,O,,,,,
3.8.2-14,C,,X,,G,,,,,,,,,,,,O,,,,,
3.8.2-15,C,,X,,I,,,,,O,O,,,O,,,,,,O,,
3.8.2-16,C,X,,,I,,O,,O,,O,,O,O,O,O,O,O,,O,O,
3.8.2-17,C,,X,,H,A,A,A,A,A,A,A,A,A,A,A,A,A,A,A,A,A
3.8.2-18,P,,,,K,,,,,O,O,,,O,,,,,,,,
3.8.2-19,C,X,,,I,,,,,O,O,,,O,,,,,,,,
3.8.2-20,,,,,,,,,,,,,,,,,,,,,,
3.8.2-21,,,,,,,,,,,,,,,,,,,,,,
3.8.2-22,C,,X,,F,,,,,A,A,,,A,,,,,,,,
3.8.4-1,C,X,,,I,,,,,,,,,,A,,,,,,,
3.8.4-2,C,X,,,I,,,,,,,,,,A,,,,,,,
3.8.4-3,C,X,,,I,,,,,,,,,,A,,,,,,,
3.8.4-4,C,X,,,I,,,,,,,,,,O,,,,,,,
3.8.4-5,C,X,,,I,O,O,O,O,O,O,O,O,O,O,O,O,O,O,O,O,O
3.8.4-5 Alternate I,C,X,,,I,,,,,,,,,,,,,,O,,,
3.8.4-6,C,X,,,I,,O,,O,,O,,O,,0,,,,,,,
3.9.1-1,C,,,,I,R,R,R,R,R,R,R,R,R,R,R,R,R,R,R,R,R
3.9.1-2,C,X,,,I,R,R,R,R,R,R,R,R,R,R,R,R,R,R,R,R,R
3.9.1-3,P,,,,L,R,R,R,R,R,R,R,R,R,R,R,R,R,R,R,R,R
3.10.1-1,C,X,,,I,A,R,A,R,A,R,A,R,A,A,A,A,A,A,A,A,A
3.10.1-2,C,X,,,I,O,O,O,O,O,O,,,O,O,,,O,,O,,
3.10.1-3,C,X,,,I,A,R,A,R,A,R,A,R,A,A,A,A,A,,A,A,
3.10.1-4,C,X,,,I,A,A,A,A,A,A,A,A,A,A,A,A,A,A,A,A,A
3.10.1-5,C,X,,,I,O,O,O,O,O,O,O,O,O,O,O,O,O,O,O,O,O
3.10.1-6,C,,X,,I,,,,,,,,,,,,,,,,,O
3.10.1-7,C,X,,,I,R,R,R,R,R,R,R,R,R,R,R,R,R,R,R,R,R
3.10.1-8,C,X,,,I,,,,,,,R,,,,,,R,,,,
3.10.1-9,C,X,,,F,R,R,R,R,R,R,,,,R,,,,,,,
3.10.1-9 Alternate I,C,X,,,F,,R,,R,,R,,,,A,,,,,,,
3.10.1-10,C,X,,,F,,,,,,,,,,,,,,R,,,
3.10.1-11,C,X,,,F,,,,,,,,,,,,R,,,,,
3.10.1-12,C,X,,,I,R,R,R,R,A,,,R,,A,,,R,,A,R,A
3.10.1-12 Alternate I,C,X,,,I,,,,,A,,,,,,,,,,A,,A
3.10.1-12 Alternate II,C,X,,,I,,,,,A,,,,,,,,,,A,,
3.10.1-12 Alternate III,C,X,,,I,,,,,A,,,,,,,,R,,A,,
3.10.1-12 Alternate IV,C,X,,,I,,,,,,,,,,,,,,,,R,
3.10.1-12 Alternate V,C,X,,,I,,,R,,,,,,,,,,,,,,
3.10.1-13,C,X,,,I,,R,,R,,A,,R,,,,,,A,A,,
3.10.1-13 Alternate I,C,X,,,I,,,,,,A,,,,,,,,,A,,
3.10.1-13 Alternate II,C,X,,,I,,,,,,A,,,,,,,,,A,,
3.10.1-13 Alternate III,C,X,,,I,,,,,,,,R,,,,,,A,,,
3.10.1-13 Alternate IV,C,X,,,I,,,,,,,,,,,,,,A,,,
3.10.1-13 Alternate V,C,X,,,I,,R,,R,,,,,,,,,,,,,
3.10.1-14,C,X,,,I,,,,,,,,,R,,,,,,,,
3.10.1-15,C,X,,,I,,,,,,,R,,,,,R,,,,,
3.10.1-16,C,X,,,I,,,,,,,R,R,,,,,,,,,
3.10.1-17,C,X,,,I,O,O,O,O,,,,,,O,,,,,,,
3.10.1-18,C,,X,,I,O,O,O,O,,,,,O,O,O,,,,O,,
3.10.1-19,C,,X,,I,,,,,,,O,O,,,,,O,,,,
3.10.1-20,C,X,,,I,,,,,,,O,,,,,,,,,,
3.10.1-21,,,,,,,,,,,,,,,,,,,,,,
3.10.1-22,C,X,,,G,O,O,O,O,O,O,O,O,O,O,O,O,O,O,O,O,O
3.10.1-23 Alternate I,,,,,,,,,,,,,,,,,,,,,,
3.10.1-23,C,,X,,G,,,,,,,R,R,,,,R,,,,,
3.10.1-24,C,X,,,F,O,O,O,O,O,O,O,O,O,O,O,O,O,O,O,O,O
3.10.1-25,C,X,,,I,R,R,R,R,R,R,R,R,R,R,R,R,R,R,R,R,R
3.10.1-26,C,X,,X,I,A,A,A,A,A,A,A,A,A,A,A,A,A,A,A,A,A
3.10.1-27,C,,X,,I,O,O,O,O,O,O,O,O,O,,O,O,O,O,O,,
3.10.1-27 Alternate I,C,,X,,I,O,O,O,O,O,O,O,O,O,,O,O,O,O,O,,
3.10.2-1,C,,X,,I,R,A,R,A,R,A,R,,,A,A,A,A,A,A,A,A
3.10.2-1 Alternate I,C,,X,,I,,A,A,A,A,A,A,A,A,A,A,A,A,A,A,A,A
3.10.2-2,C,,X,,I,,R,,R,,R,,R,R,A,A,A,A,A,A,A,A
3.10.2-3,C,X,,,I,,,,,,,,,R,,,,,,,,
3.10.2-4,C,X,,,I,,,,,,,,,,,,,A,,,,
3.10.2-5,C,X,,,I,A,A,A,A,A,A,,A,,A,,A,A,A,,A,A
3.10.2-6,C,X,,,I,A,A,A,A,A,A,A,A,A,A,A,A,A,A,A,A,A
3.10.3-1,,,,,,,,,,,,,,,,,,,,,,
3.10.3-2,C,X,,,I,A,A,A,A,A,A,A,A,A,A,A,A,A,A,A,A,A
3.10.3-2 Alternate I,C,X,,,I,A,,A,,A,,A,,,A,,A,,,A,,A
3.10.3-2 Alternate II,C,X,,,I,,A,,A,,A,,A,A,,,A,,,A,,A
3.10.3-3,C,X,X,,I,,,,,,,,,,,,,,A,,,
3.10.3-4,,,,,,,,,,,,,,,,,,,,,,
3.10.3-5,C,X,,,I,,,,,,,,,,,,,,A,,,
3.10.3-6,,,,,,,,,,,,,,,,,,,,,,
3.10.3-7 Alternate I,,,,,,,,,,,,,,,,,,,,,,
3.10.3-7,,,,,,,,,,,,,,,,,,,,,,
3.10.3-8,,,,,,,,,,,,,,,,,,,,,,
3.10.3-9,,,,,,,,,,,,,,,,,,,,,,
3.10.3-10,,,,,,,,,,,,,,,,,,,,,,
3.10.3-11,,,,,,,,,,,,,,,,,,,,,,
3.10.3-12,,,,,,,,,,,,,,,,,,,,,,
3.10.3-13,,,,,,,,,,,,,,,,,,,,,,
3.10.3-14,,,,,,,,,,,,,,,,,,,,,,
3.10.3-15,,,,,,,,,,,,,,,,,,,,,,
3.10.4,,,,,,,,,,,,,,,,,,,,,,
3.10.4-1,C,X,,,E,A,A,A,A,A,A,A,A,A,A,A,A,A,A,A,A,A
3.10.4-2,C,X,,,E,R,,,,,,,,,A,,,,,A,,
3.10.4-2 Alternate I,C,X,,,E,A,,,,,,,,,A,,,,,A,,
3.10.4-2 Alternate II,C,X,,,E,A,,,,,,,,,A,,,,,A,,
3.10.4-3,C,X,,,E,,R,,A,,A,,,,,,,,,A,,
3.10.4-4,C,X,,,E,A,R,,,R,R,,,,A,,,,,A,,
3.10.4-5,C,X,,,E,,,,,,,,,R,,,,,,,,
3.10.4-6,C,X,,,E,,,A,,,,,,,,,,,,,,
3.10.4-7,C,X,,,E,,,,A,,,,,,,,,,,,,
3.10.4-7 Alternate I,C,X,,,E,,,,A,,,,,,,,,,,,,
3.10.4-8,C,X,,,E,,,A,A,,,,,,,,,,,,,
3.10.4-9,C,X,,,E,,,,,,,,,,,,,,R,,,
3.10.4-10,C,X,,,E,,,,,,,R,,,,,,,,,,
3.10.4-11,C,X,,,E,,,,,,,,,,,,R,,,,,
3.10.4-12,C,X,,,E,,,,,,,,,,,,,,,,A,
3.10.4-13,C,,X,,E,A,A,A,A,A,A,A,A,A,A,A,A,A,A,A,A,
3.10.4-14,C,X,,,E,A,A,A,A,A,A,A,A,A,A,A,A,A,A,A,A,
3.10.4-15,C,X,,,E,O,O,O,O,O,O,O,O,O,O,O,O,O,O,O,O,
3.10.4-16,C,X,,,E,R,,R,,A,,,,,A,,,,,A,,
3.10.4-17,,,,,,,,,,,,,,,,,,,,,,
3.10.4-18,,,,,,,,,,,,,,,,,,,,,,
3.10.4-19,C,X,,,I,A,A,A,A,A,A,A,A,A,A,A,A,A,A,A,A,A
3.10.4-20,P,,X,,L,,,,,,,,,,,A,,,,,,
3.10.4-21,C,,X,,I,,,,,,,,,,,A,,,,,,
3.10.4-22,,,,,,,,,,,,,,,,,,,,,,
3.10.4-23,C,X,,,I,A,A,,,,,A,A,,,,A,,,,,
3.10.4-24,,,,,,,,,,,,,,,,,,,,,,
3.10.4-25,P,X,,,I,,,,,,,,,,,A,,,,,,
3.10.4-26,C,X,,,I,O,O,O,O,O,O,O,O,O,O,O,O,O,O,O,O,O
3.10.5-1,C,X,,,I,O,O,O,O,O,O,O,O,O,O,O,O,O,O,O,O,O
3.10.6-1,C,X,,,I,R,,,,R,,,,A,A,,A,,,A,A,A
3.10.6-2,C,X,,,I,,,A,A,,,,,,,,,,,,,
3.10.6-3 Alternate IV,C,X,,,I,,,,,,,,,R,,,,,,,,
3.10.6-3 Alternate V,C,X,,,I,,,,,,,,,A,,,,,,,,
3.10.6-3,C,X,,,I,,R,,A,,R,,R,R,A,A,A,,A,A,A,A
3.10.6-3 Alternate I,C,X,,,I,,,,,,,,R,,,,,,,,,
3.10.6-3 Alternate II,C,X,,,I,,A,,A,,A,,,,A,A,A,,A,A,A,A
3.10.6-3 Alternate III,C,X,,,I,,,,,,,,A,,,,,,,,,
3.10.6-4,C,X,,,I,R,,,,R,,,,,A,,,,,A,,A
3.10.6-5,C,X,,,I,,,A,,,,,,,,,,,,,,
3.10.6-6,C,X,,,I,,,,,,,R,,,,,,,,,,
3.10.6-7,C,X,,,I,,A,,A,,A,,,A,,,,,A,,,
3.10.7-1,C,X,,,I,A,A,A,A,A,A,A,A,A,A,A,A,A,A,A,A,A
3.10.7-1 Alternate I,C,X,,,I,,A,,A,,A,,A,,A,A,A,A,A,A,A,A
3.10.9-1,C,,X,,I,A,A,,,,,,,,A,,,,,A,,
3.10.9-1 Alternate I,C,,X,,I,A,A,,,,,,,,A,,,,,A,,
3.10.9-1 Alternate II,C,,X,,I,A,A,,,,,,,,A,,,,,A,,
3.10.9-2,C,,X,,I,A,A,,,,,,,,A,,,,,A,,
3.10.9-2 Alternate I,C,,X,,I,A,A,,,,,,,,A,,,,,A,,
3.10.9-2 Alternate II,C,,X,,I,A,A,,,,,,,,A,,,,,A,,
3.11-1,C,X,X,,I,A,A,A,A,A,A,A,A,A,A,A,A,A,A,A,A,A
3.11-2,C,,,,I,,,,,,,,,,,,,,,,A,
3.11-3,C,X,,,I,,,,,,,,,,,,,,,,A,
3.11-3 Alternate I,C,X,,,I,,,,,,,,,,,,,,,,A,
3.11-4,P,,X,,L,,,,,,,,,,,,,,,,A,
3.11-5,,,,,,,,,,,,,,,,,,,,,,
3.11-6,P,X,,,L,,,,,,,,,,,,,,,,R,
3.11-7,C,X,,,I,,,,,,,,,,,,,,,,A,
3.11-8,C,X,,,I,,,,,,,,,,,,,,,,A,
3.11-9,C,X,,,I,,,,,,,,,,,,,,,,A,
3.11-10,C,X,,,I,,,,,,,,,,,,,,,,A,
3.11-11,C,X,,,I,,,,,,,,,,,,,,,,A,
3.11-12,C,X,,,I,,,,,,,,,,,,,,,,A,
3.11-13,C,X,,,I,,,,,,,,,,,,,,,,A,
3.11-14,C,X,,,I,,,,,,,,,,,,,,,,A,
3.11-15,C,X,,,I,,,,,,,,,,,,,,,,A,
3.11-16,C,X,,,I,,,,,,,,,,,,,,,,A,
3.11-17,C,X,,,I,,,,,,,,,,,,,,,,R,
3.11-18,C,X,,,I,,,,,,,,,,,,,,,,A,
3.11-19,C,,X,,I,,,,,,,,,,,,,,,,A,
3.11-20,C,,X,,I,,,,,,,,,,,,,,,,A,
3.11-21,C,X,,,I,,,,,,,,,,,,,,,,R,
3.11-22,C,X,,,I,,,,,,,,,,,,,,,,A,
3.11-23,C,X,,,I,,,,,,,,,,,,,,,,A,
3.11-24,C,,X,,I,,,,,,,,,,,,,,,,A,
3.11-25,C,,X,,I,,,,,,,,,,,,,,,,A,
3.11-26,C,X,,,I,,,,,,,,,,,,,,,,A,
3.11-27,C,X,,,I,,,,,,,,,,,,,,,,R,
3.11-28,C,X,,,I,,,,,,,,,,,,,,,,A,
3.11-29,C,X,,,F,A,A,,,,,,,,A,,,,,A,,
3.11-30,C,X,,,F,A,A,,,,,,,,A,,,,,A,,
3.11-31,C,X,,,F,A,A,,,,,,,,A,,,,,A,,
3.11-32,C,X,,,F,A,A,,,,,,,,A,,,,,A,,
3.11-33,C,,,,F,A,A,,,,,A,,,A,,,,,A,,
3.11-34,C,X,,,F,A,A,,,,,,,,A,,,,,A,,
3.11-35,C,X,,,F,A,A,,,,,,,,A,,,,,A,,
3.11-36,C,X,,,F,A,A,,,,,,,,A,,,,,A,,
3.11-37,C,X,,,F,A,A,,,,,,,,A,,,,,A,,
3.11-38,C,X,,,F,A,A,,,,,,,,A,,,,,A,,
3.11-39,C,X,,,F,A,A,,,,,,,,A,,,,,A,,
3.11-40,C,X,,,F,A,A,,,,,,,,A,,,,,A,,
3.11-41,C,X,,,F,A,A,,,,,,,,A,,,,,A,,
3.11-42,C,X,,,F,A,A,,,,,,,,A,,,,,A,,
3.11-43,C,X,,,F,A,A,,,,,,,,A,,,,,A,,
3.11-44,C,X,,,F,A,A,,,,,,,,A,,,,,A,,
3.11-45,P,X,,,L,A,A,,,,,,,,A,,,,,A,,
3.11-46,P,X,,,L,A,A,,,,,,,,A,,,,,A,,
3.11-47,P,X,,,M,A,A,,,,,,,,A,,,,,A,,
3.11-48,C,X,,,F,A,A,,,,,,,,A,,,,,A,,
3.11-49,P,,X,,M,A,A,,,,,,,,A,,,,,A,,
3.11-50,P,X,,,M,A,A,,,,,,,,A,,,,,A,,
3.11-51,P,,X,,M,A,A,,,,,,,,A,,,,,A,,
3.11-51 Alternate I,P,,,,M,A,A,,,,,,,,A,,,,,A,,
3.11-51 Alternate II,P,,,,M,A,A,,,,,,,,A,,,,,A,,
3.11-51 Alternate III,P,,,,M,A,A,,,,,,,,A,,,,,A,,
3.11-52,P,,,,K,A,A,,,,,,,,A,,,,,A,,
3.11-53,C,X,,,F,A,A,,,,,,,,A,,,,,A,,
3.11-54,P,,X,,M,A,A,,,,,,,,A,,,,,A,,
3.11-55,C,,,,F,A,A,,,,,,,,A,,,,,A,,
3.11-56,C,X,,,F,A,A,,,,,,,,A,,,,,A,,
3.11-57,C,X,,,F,A,A,,,,,,,,A,,,,,A,,
3.11-58,C,,X,,F,A,A,,,,,,,,A,,,,,A,,
3.11-59,C,X,,,F,A,A,,,,,,,,A,,,,,A,,
3.11-60,C,,X,,F,A,A,,,,,,,,A,,,,,A,,
3.11-61,C,X,,,I,A,A,A,A,A,A,A,A,A,A,A,A,A,A,A,A,A
3.11-62,C,X,,,I,A,A,A,A,A,A,A,A,A,A,A,A,,A,A,A,A
3.11-62 Alternate I,C,X,,,I,A,A,A,A,A,A,A,A,A,A,A,A,,A,A,A,A
3.11-62 Alternate II,C,X,,,I,,,,,,,A,A,,,,,,,,,
3.11-63,C,X,,,F,A,,,,,,,,,A,,,,,A,,
3.11-64,C,,X,,I,A,,,,A,,A,,,,A,,,,A,,
3.11-65,C,,,,I,,A,,A,A,A,,A,A,,,A,,,A,A,
3.11-66,C,,X,,I,,,,,,,,,,,,,,,,A,
3.11-67,C,,X,,I,,,,,,,,,,,,,,,,A,
3.11-68,C,X,,,I,A,A,A,A,A,A,,,A,A,A,,A,A,A,,
3.11-69,C,X,,,I,A,A,A,A,A,A,,,A,A,A,,A,A,A,,
3.13-1,C,,X,,I,A,A,A,A,A,A,A,A,A,A,A,A,A,A,A,A,A
3.13-2,,,,,,,,,,,,,,,,,,,,,,
3.13-2 Alternate I,,,,,,,,,,,,,,,,,,,,,,
3.13-2 Alternate II,,,,,,,,,,,,,,,,,,,,,,
3.13-3,,,,,,,,,,,,,,,,,,,,,,
3.13-4,P,,,,K,R,R,R,R,R,R,R,R,R,R,R,R,R,R,R,R,R
3.13-5,C,X,,,I,R,R,R,R,R,R,R,R,R,R,R,R,R,R,R,R,R
3.13-6,,,,,,,,,,,,,,,,,,,,,,
3.13-7,,,,,,,,,,,,,,,,,,,,,,
3.13-8,,,,,,,,,,,,,,,,,,,,,,
3.13-9,,,,,,,,,,,,,,,,,,,,,,
3.13-10,C,X,,,I,A,A,A,A,A,A,A,A,A,A,A,A,A,A,A,A,A
3.13-11,C,X,,,I,A,A,A,A,A,A,A,A,A,A,A,A,A,A,A,A,A
3.13-13,C,X,,,I,R,R,R,R,R,R,R,R,R,R,R,R,R,R,R,R,R
3.13-14,C,X,,,I,A,A,A,A,A,A,A,A,A,A,A,A,A,A,A,A,A
3.13-15,C,,,,H,A,A,A,A,A,A,A,A,A,A,A,A,A,A,A,A,A
3.13-16,C,,,,I,R,R,R,R,R,R,R,R,R,R,R,R,R,R,R,R,R
3.14-1,C,,,,I,A,A,A,A,A,A,A,A,A,A,A,A,A,A,A,A,A
3.14-1 Alternate I,C,X,,,I,,,A,A,,,,,,,,,,,,,
3.14-1 Alternate II,C,X,,,I,,,,,,,A,A,,,,A,A,,,,
3.14-2,C,X,,,I,A,A,A,A,A,A,A,A,A,A,A,A,A,A,A,A,A
3.14-3,C,X,,,I,A,A,A,A,A,A,A,A,A,A,A,A,A,A,A,A,A
3.14-4,C,X,,,I,A,A,A,A,A,A,A,A,A,A,A,A,A,A,A,A,A
3.14-5,C,X,,,I,A,A,A,A,A,A,A,A,A,A,A,A,A,A,A,A,A
3.14-6,C,X,,,I,A,A,A,A,A,A,A,A,A,,A,,,,A,,
3.14-8,P,,,,L,A,A,A,A,A,A,A,A,A,,A,,,,A,,
3.14-9,C,,,,I,A,A,A,A,A,A,,,A,,,,,,A,,
3.14-10,C,,,,I,A,A,A,A,A,A,A,A,A,A,A,A,A,A,A,A,A
3.14-11,C,,,,I,A,A,A,A,A,A,A,A,A,A,A,A,A,A,A,A,A
3.14-12,C,,,,I,A,A,A,A,A,A,A,A,A,,A,,,,A,,
3.14-13,C,,,,I,A,A,A,A,A,A,A,A,A,,A,,,,A,A,
3.14-14,C,,,,I,A,A,A,A,A,A,A,A,A,A,A,A,A,A,A,A,A
3.17-1,,,,,,,,,,,,,,,,,,,,,,
3.17-2,,,,,,,,,,,,,,,,,,,,,,
3.17-3,,,,,,,,,,,,,,,,,,,,,,
3.18-1,C,,,,I,A,A,A,A,A,A,A,A,A,A,A,A,A,A,A,A,A
